{
  "conf #1 req" : {
    "transaction" : "conf #1 req",
    "sampleCount" : 480,
    "errorCount" : 1,
    "errorPct" : 0.20833333,
    "meanResTime" : 1177.5875,
    "medianResTime" : 915.5,
    "minResTime" : 112.0,
    "maxResTime" : 3011.0,
    "pct1ResTime" : 2296.3,
    "pct2ResTime" : 2629.2999999999997,
    "pct3ResTime" : 2941.18,
    "throughput" : 97.5609756097561,
    "receivedKBytesPerSec" : 35.085985137195124,
    "sentKBytesPerSec" : 0.0
  },
  "Total" : {
    "transaction" : "Total",
    "sampleCount" : 480,
    "errorCount" : 1,
    "errorPct" : 0.20833333,
    "meanResTime" : 1177.5875,
    "medianResTime" : 915.5,
    "minResTime" : 112.0,
    "maxResTime" : 3011.0,
    "pct1ResTime" : 2296.3,
    "pct2ResTime" : 2629.2999999999997,
    "pct3ResTime" : 2941.18,
    "throughput" : 97.5609756097561,
    "receivedKBytesPerSec" : 35.085985137195124,
    "sentKBytesPerSec" : 0.0
  }
}