{
  "conf #3 req" : {
    "transaction" : "conf #3 req",
    "sampleCount" : 48,
    "errorCount" : 0,
    "errorPct" : 0.0,
    "meanResTime" : 400.9583333333333,
    "medianResTime" : 385.5,
    "minResTime" : 320.0,
    "maxResTime" : 515.0,
    "pct1ResTime" : 483.5,
    "pct2ResTime" : 509.55,
    "pct3ResTime" : 515.0,
    "throughput" : 5.038312165424583,
    "receivedKBytesPerSec" : 1.8008029810013646,
    "sentKBytesPerSec" : 0.0
  },
  "conf #2 req" : {
    "transaction" : "conf #2 req",
    "sampleCount" : 48,
    "errorCount" : 0,
    "errorPct" : 0.0,
    "meanResTime" : 590.7083333333331,
    "medianResTime" : 598.0,
    "minResTime" : 504.0,
    "maxResTime" : 691.0,
    "pct1ResTime" : 672.4,
    "pct2ResTime" : 682.55,
    "pct3ResTime" : 691.0,
    "throughput" : 4.94794351097825,
    "receivedKBytesPerSec" : 1.768503247087929,
    "sentKBytesPerSec" : 0.0
  },
  "conf #1 req" : {
    "transaction" : "conf #1 req",
    "sampleCount" : 24,
    "errorCount" : 0,
    "errorPct" : 0.0,
    "meanResTime" : 628.2916666666667,
    "medianResTime" : 630.0,
    "minResTime" : 580.0,
    "maxResTime" : 726.0,
    "pct1ResTime" : 669.5,
    "pct2ResTime" : 714.75,
    "pct3ResTime" : 726.0,
    "throughput" : 2.4658378711599713,
    "receivedKBytesPerSec" : 0.8813443953560053,
    "sentKBytesPerSec" : 0.0
  },
  "Total" : {
    "transaction" : "Total",
    "sampleCount" : 120,
    "errorCount" : 0,
    "errorPct" : 0.0,
    "meanResTime" : 522.3250000000003,
    "medianResTime" : 528.0,
    "minResTime" : 320.0,
    "maxResTime" : 726.0,
    "pct1ResTime" : 646.9,
    "pct2ResTime" : 675.8,
    "pct3ResTime" : 718.6499999999997,
    "throughput" : 12.329189355799855,
    "receivedKBytesPerSec" : 4.406721976780027,
    "sentKBytesPerSec" : 0.0
  }
}